{
  "updateBooking" : {
    "transaction" : "updateBooking",
    "sampleCount" : 1000,
    "errorCount" : 0,
    "errorPct" : 0.0,
    "meanResTime" : 497.78000000000026,
    "medianResTime" : 333.0,
    "minResTime" : 276.0,
    "maxResTime" : 2885.0,
    "pct1ResTime" : 850.0,
    "pct2ResTime" : 1123.8999999999999,
    "pct3ResTime" : 1636.8500000000001,
    "throughput" : 0.6318069299111301,
    "receivedKBytesPerSec" : 0.2597565600513533,
    "sentKBytesPerSec" : 0.3060314816757036
  },
  "Total" : {
    "transaction" : "Total",
    "sampleCount" : 5000,
    "errorCount" : 232,
    "errorPct" : 4.64,
    "meanResTime" : 1296.9875999999992,
    "medianResTime" : 331.0,
    "minResTime" : 275.0,
    "maxResTime" : 19867.0,
    "pct1ResTime" : 4206.900000000001,
    "pct2ResTime" : 5457.699999999999,
    "pct3ResTime" : 9429.659999999905,
    "throughput" : 3.152678547220504,
    "receivedKBytesPerSec" : 1.1185654224936048,
    "sentKBytesPerSec" : 1.0076484030816173
  },
  "deleteBooking" : {
    "transaction" : "deleteBooking",
    "sampleCount" : 500,
    "errorCount" : 232,
    "errorPct" : 46.4,
    "meanResTime" : 344.23200000000014,
    "medianResTime" : 296.0,
    "minResTime" : 275.0,
    "maxResTime" : 1832.0,
    "pct1ResTime" : 368.90000000000003,
    "pct2ResTime" : 682.5499999999968,
    "pct3ResTime" : 1174.98,
    "throughput" : 36.266047726118806,
    "receivedKBytesPerSec" : 9.17757670269094,
    "sentKBytesPerSec" : 10.159947436897076
  },
  "checkPing" : {
    "transaction" : "checkPing",
    "sampleCount" : 500,
    "errorCount" : 0,
    "errorPct" : 0.0,
    "meanResTime" : 334.4920000000001,
    "medianResTime" : 283.0,
    "minResTime" : 275.0,
    "maxResTime" : 2568.0,
    "pct1ResTime" : 315.0,
    "pct2ResTime" : 815.4499999999996,
    "pct3ResTime" : 1211.7500000000002,
    "throughput" : 28.194428780872897,
    "receivedKBytesPerSec" : 6.828338220367654,
    "sentKBytesPerSec" : 4.956051934137814
  },
  "getBooking" : {
    "transaction" : "getBooking",
    "sampleCount" : 1000,
    "errorCount" : 0,
    "errorPct" : 0.0,
    "meanResTime" : 433.3170000000004,
    "medianResTime" : 321.0,
    "minResTime" : 276.0,
    "maxResTime" : 4299.0,
    "pct1ResTime" : 580.9,
    "pct2ResTime" : 1129.8999999999999,
    "pct3ResTime" : 1359.8300000000002,
    "throughput" : 0.6318260911320681,
    "receivedKBytesPerSec" : 0.25976443785800846,
    "sentKBytesPerSec" : 0.11599932141877813
  },
  "login" : {
    "transaction" : "login",
    "sampleCount" : 1000,
    "errorCount" : 0,
    "errorPct" : 0.0,
    "meanResTime" : 4782.381999999995,
    "medianResTime" : 4196.5,
    "minResTime" : 1494.0,
    "maxResTime" : 19867.0,
    "pct1ResTime" : 7235.399999999998,
    "pct2ResTime" : 9412.29999999997,
    "pct3ResTime" : 13769.97,
    "throughput" : 0.6310298849443211,
    "receivedKBytesPerSec" : 0.16700107306631934,
    "sentKBytesPerSec" : 0.15898995148011213
  },
  "createBooking" : {
    "transaction" : "createBooking",
    "sampleCount" : 1000,
    "errorCount" : 0,
    "errorPct" : 0.0,
    "meanResTime" : 432.09700000000015,
    "medianResTime" : 318.0,
    "minResTime" : 276.0,
    "maxResTime" : 6051.0,
    "pct1ResTime" : 544.0,
    "pct2ResTime" : 1238.6999999999996,
    "pct3ResTime" : 1441.8600000000001,
    "throughput" : 0.6317889673219792,
    "receivedKBytesPerSec" : 0.27764163603016667,
    "sentKBytesPerSec" : 0.28442843157757075
  }
}